"","mu_log_b_tt","sigma_log_b_tt","mu_log_b_tc","sigma_log_b_tc","mu_log_b_hw","sigma_log_b_hw","mu_log_b_ch","sigma_log_b_ch"
"mu_log_b_tt",0.00758739159441084,0.00204402482422969,0.00799004984826345,-0.00195901518103507,0.00184286640907351,0.000939152243211228,0.00223990108615744,-0.00187125980776209
"sigma_log_b_tt",0.00204402482422969,0.00668218584293466,0.000650539000401852,0.0014617309578392,-0.000637618533422069,0.0007572006059559,-0.000536231487285763,0.000928404468900583
"mu_log_b_tc",0.00799004984826345,0.000650539000401852,0.0168632517200486,-0.00665088180579942,0.00202121331774437,0.000396594143802481,0.00217674593460305,-0.00307713801819466
"sigma_log_b_tc",-0.00195901518103507,0.0014617309578392,-0.00665088180579942,0.0112407604202323,0.000541488165186652,0.00183998850550253,-9.43714000421613e-05,0.00288824268342914
"mu_log_b_hw",0.00184286640907351,-0.000637618533422069,0.00202121331774437,0.000541488165186652,0.00726981905393188,-0.00252267808824568,0.00127161378731432,-0.000345897622468387
"sigma_log_b_hw",0.000939152243211228,0.0007572006059559,0.000396594143802481,0.00183998850550253,-0.00252267808824568,0.0134945068297849,0.00143231385485464,0.000159110823164666
"mu_log_b_ch",0.00223990108615744,-0.000536231487285763,0.00217674593460305,-9.43714000421613e-05,0.00127161378731432,0.00143231385485464,0.00555707873904344,-0.000825344652482003
"sigma_log_b_ch",-0.00187125980776209,0.000928404468900583,-0.00307713801819466,0.00288824268342914,-0.000345897622468387,0.000159110823164666,-0.000825344652482003,0.014093605483586
