"","mu_log_b_tt","sigma_log_b_tt","mu_log_b_tc","sigma_log_b_tc","mu_log_b_hw","sigma_log_b_hw","mu_log_b_ch","sigma_log_b_ch"
"mu_log_b_tt",1,0.28706526202389,0.706370539403639,-0.212125904011421,0.248133729852388,0.092813519587915,0.344952514936247,-0.180957582180391
"sigma_log_b_tt",0.28706526202389,1,0.0612834775698512,0.168659311909421,-0.0914828859152634,0.0797394377600782,-0.0879973840491385,0.0956680434616162
"mu_log_b_tc",0.706370539403639,0.0612834775698512,1,-0.483070728937719,0.182549097008866,0.0262903959485839,0.224860827936453,-0.199602170443423
"sigma_log_b_tc",-0.212125904011421,0.168659311909421,-0.483070728937719,1,0.0599003448422705,0.149395926320005,-0.0119404110325789,0.229469400434732
"mu_log_b_hw",0.248133729852388,-0.0914828859152634,0.182549097008866,0.0599003448422705,1,-0.254695648785804,0.200064554864788,-0.0341723401805008
"sigma_log_b_hw",0.092813519587915,0.0797394377600782,0.0262903959485839,0.149395926320005,-0.254695648785804,1,0.165400344191163,0.0115374586809103
"mu_log_b_ch",0.344952514936247,-0.0879973840491385,0.224860827936453,-0.0119404110325789,0.200064554864788,0.165400344191163,1,-0.0932612026116283
"sigma_log_b_ch",-0.180957582180391,0.0956680434616162,-0.199602170443423,0.229469400434732,-0.0341723401805008,0.0115374586809103,-0.0932612026116283,1
