"","mu_log_b_tt","sigma_log_b_tt","mu_log_b_tc","sigma_log_b_tc","mu_log_b_hw","sigma_log_b_hw","mu_log_b_ch","sigma_log_b_ch"
"mu_log_b_tt",0.0129755427890649,0.00324217953914928,0.0159233641170372,-0.00316633634224966,0.00399167956746025,0.00053546254669615,0.00486463736161938,-0.00217566594953654
"sigma_log_b_tt",0.00324217953914928,0.00717734604577572,0.00357762016000339,0.00206114151060121,0.000150787834319861,0.00119440229948225,-0.000325342718368058,0.00279309322709552
"mu_log_b_tc",0.0159233641170372,0.00357762016000339,0.0259166695503076,-0.0075680543710346,0.00464706033635364,-1.22888070081294e-07,0.00586221592943506,-0.00510211259612116
"sigma_log_b_tc",-0.00316633634224967,0.00206114151060122,-0.0075680543710346,0.0133597572625833,0.000859705533069053,0.00326648636680823,-0.00142935634547091,0.00793696140547576
"mu_log_b_hw",0.00399167956746025,0.000150787834319861,0.00464706033635364,0.000859705533069053,0.00823132894328631,-0.00254227254185372,0.00307965156554015,0.0010368095040565
"sigma_log_b_hw",0.00053546254669615,0.00119440229948225,-1.22888070081079e-07,0.00326648636680823,-0.00254227254185372,0.0154561786180157,0.000952343704533919,0.000118079028809939
"mu_log_b_ch",0.00486463736161938,-0.000325342718368058,0.00586221592943506,-0.00142935634547091,0.00307965156554015,0.000952343704533919,0.00691762597962538,-0.00163877717895339
"sigma_log_b_ch",-0.00217566594953654,0.00279309322709552,-0.00510211259612116,0.00793696140547576,0.0010368095040565,0.000118079028809939,-0.00163877717895339,0.0222533258149213
