"","b_w","mu_x","sigma_beta","mu_alpha","sigma_alpha","rho","scale_SP"
"b_w",-124.533839792924,7.6783009100128,-5.7136542583616,0,70.0957004634767,NA,1.66527619442667
"mu_x",7.6783009100128,-96.5164544966601,30.5834809466304,15.583096083759,-26.1789295119761,NA,-21.2769957739277
"sigma_beta",-5.7136542583616,30.5834809466304,-45.7613892467413,-8.81284577136115,12.8196637577469,NA,11.5097946015251
"mu_alpha",0,15.583096083759,-8.81284577136115,-405.63090842535,0,NA,0
"sigma_alpha",70.0957004634767,-26.1789295119761,12.8196637577469,0,-46.3273279700163,NA,-6.66365073287609
"rho",NA,NA,NA,NA,NA,NA,NA
"scale_SP",1.66527619442667,-21.2769957739277,11.5097946015251,0,-6.66365073287609,NA,-20.4499953705364
