"","b_w","mu_x","sigma_beta","mu_alpha","sigma_alpha","rho","scale_SP"
"b_w",-159.995458176423,17.3972373894055,-15.8653055867783,-4.47441453065851,77.1492965566827,NA,2.78840134568364
"mu_x",17.3972373894055,-241.520529013654,116.38733536997,32.3167621170638,-60.1515003695322,NA,-50.3787834926288
"sigma_beta",-15.8653055867783,116.38733536997,-144.771293097124,-16.6575647368879,42.4898578233451,NA,22.0241171966742
"mu_alpha",-4.47441453065851,32.3167621170638,-16.6575647368879,-216.101169160371,10.6005290621332,NA,7.27954868806588
"sigma_alpha",77.1492965566827,-60.1515003695322,42.4898578233451,10.6005290621332,-55.6393109820249,NA,-12.8551568608703
"rho",NA,NA,NA,NA,NA,NA,NA
"scale_SP",2.78840134568364,-50.3787834926288,22.0241171966742,7.27954868806588,-12.8551568608703,NA,-50.5148437530885
