"","mu_w","sigma_w","mu_x","sigma_x","b_cost","sigma_x_w"
"mu_w",-104.526082734198,0,-0.231891059922823,0.137425264896797,-0.236532777576455,-13.718617679218
"sigma_w",0,0,0,0,0,0
"mu_x",-0.231891059922823,0,-13.2459296877994,8.13343823026136,-13.8809259664541,-0.1581166101877
"sigma_x",0.137425264896797,0,8.13343823026136,-8.56636877316832,4.27764124613333,0
"b_cost",-0.236532777576455,0,-13.8809259664541,4.27764124613333,-34.3847423337733,-0.698886929943927
"sigma_x_w",-13.718617679218,0,-0.1581166101877,0,-0.698886929943927,-9.35413950249282
