"","mu_x","sigma_x","b_cost","mu_w","sigma_w","sigma_x_w"
"mu_x",0,0,0,0,0,0
"sigma_x",0,0,0,0,0,0
"b_cost",0,0,-96.6062434133013,0,0,-11.9135897684674
"mu_w",0,0,0,-0.00109296889215645,0,0
"sigma_w",0,0,0,0,0,0
"sigma_x_w",0,0,-11.9135897684674,0,0,-2998.63146081926
